{
    "WorldData": {
        "SavedUnitData": [
            {
                "UniqueIdId": "23821668-f59b-4182-b4b0-f4142bc32ab6_638246271570069882",
                "Position": {
                    "X": 16.850000381469728,
                    "Y": 0.0,
                    "Z": 16.34000015258789,
                    "W": 0.0
                },
                "UnitTypeId": 2,
                "Rotation": {
                    "X": 0.0,
                    "Y": 1.0,
                    "Z": 0.0,
                    "W": 0.0
                }
            }
        ]
    }
}