{
    "WorldData": {
        "SavedUnitData": [
            {
                "UniqueId": "ac411d3f-a6b5-4a91-b93a-829f66f3efc3_638249462273538271",
                "Position": {
                    "X": 13.84000015258789,
                    "Y": 0.0,
                    "Z": 9.770000457763672,
                    "W": 0.0
                },
                "UnitTypeId": 2,
                "Rotation": {
                    "X": 0.0,
                    "Y": 1.0,
                    "Z": 0.0,
                    "W": 0.0
                }
            },
            {
                "UniqueId": "4256a6e4-a7bf-4f83-baa7-16839bf2f5d2_638249463937951506",
                "Position": {
                    "X": 8.600000381469727,
                    "Y": 0.0,
                    "Z": 14.5,
                    "W": 0.0
                },
                "UnitTypeId": 2,
                "Rotation": {
                    "X": 0.0,
                    "Y": 1.0,
                    "Z": 0.0,
                    "W": 0.0
                }
            },
            {
                "UniqueId": "965265e1-1541-49bb-ac1e-f95c35e14de7_638249463942139815",
                "Position": {
                    "X": 11.170000076293946,
                    "Y": 0.0,
                    "Z": 6.059999942779541,
                    "W": 0.0
                },
                "UnitTypeId": 2,
                "Rotation": {
                    "X": 0.0,
                    "Y": 1.0,
                    "Z": 0.0,
                    "W": 0.0
                }
            }
        ]
    }
}