{"UnitData":"{\"SaveDataList\":[{\"Position\":{\"X\":0.0,\"Y\":0.0,\"Z\":0.0},\"Rotation\":{\"X\":0.0,\"Y\":0.0,\"Z\":0.0,\"W\":1.0},\"HitPoint\":0,\"Damage\":0,\"Speed\":0,\"Id\":\"84a7a4b7-abc1-4bc9-947a-f9b23dc6c164_638251381228782042\",\"TypeId\":2}]}","ResourcesData":"{\"SaveDataList\":[{\"Position\":{\"X\":15.2999992,\"Y\":3.81469727E-06,\"Z\":-7.748604E-07},\"Rotation\":{\"X\":0.0,\"Y\":0.0,\"Z\":0.0,\"W\":1.0},\"Id\":\"228bb335-59a6-40f7-a8b1-9f840e17fcbe_638251384609367090\",\"TypeId\":1}]}"}